{
  "name": "Reference APP",
  "version": "0.1.0",
  "description": "Reference APP API Documentation",
  "title": "Reference APP API Documentation",
  "url": "https://reference.app/api/public/api",
  "sampleUrl": "https://reference.app/api/public/api",
  "order": [
    "1",
    "2",
    "3",
    "4",
    "5",
    "6",
    "7",
    "8",
    "9",
    "10",
    "11",
    "12",
    "13",
    "14",
    "15",
    "16",
    "17",
    "18",
    "19",
    "20"
  ],
  "defaultVersion": "0.0.0",
  "apidoc": "0.3.0",
  "generator": {
    "name": "apidoc",
    "time": "2021-04-03T06:45:08.235Z",
    "url": "https://apidocjs.com",
    "version": "0.27.1"
  }
}
